{"cameraMode":{"drawMode":0,"name":"Shaded","section":"Shading Mode"},"sceneLighting":false,"audioPlay":false,"sceneViewState":{"m_AlwaysRefresh":false,"showFog":true,"showSkybox":false,"showFlares":true,"showImageEffects":true,"showParticleSystems":true,"showVisualEffectGraphs":true,"m_FxEnabled":true},"in2DMode":false,"pivot":{"x":0.7983861565589905,"y":-1.2614282369613648,"z":-0.14043395221233369},"rotation":{"x":-0.06349701434373856,"y":0.9361914992332459,"z":-0.2564082443714142,"w":-0.2321142554283142},"size":1.8280675411224366,"orthographic":false}